mrn,taken_at,code,value,unit
SYN-0001,2025-04-07 13:14,HR,58,bpm
SYN-0001,2025-04-07 13:14,SBP,137,mmHg
SYN-0001,2025-04-07 13:14,DBP,92,mmHg
SYN-0001,2025-04-07 13:14,TEMP,36.7,C
SYN-0001,2025-04-07 13:14,WT,53.1,kg
SYN-0001,2025-04-07 13:14,GLU,178,mg/dL
SYN-0001,2025-04-07 13:14,HGB,10.4,g/dL
SYN-0001,2025-05-07 10:48,HR,95,bpm
SYN-0001,2025-05-07 10:48,SBP,140,mmHg
SYN-0001,2025-05-07 10:48,DBP,97,mmHg
SYN-0001,2025-05-07 10:48,TEMP,38.4,C
SYN-0001,2025-05-07 10:48,WT,54.6,kg
SYN-0001,2025-05-07 10:48,GLU,81,mg/dL
SYN-0001,2025-05-07 10:48,HGB,13.3,g/dL
SYN-0001,2025-05-17 11:56,HR,64,bpm
SYN-0001,2025-05-17 11:56,SBP,126,mmHg
SYN-0001,2025-05-17 11:56,DBP,94,mmHg
SYN-0001,2025-05-17 11:56,TEMP,36.5,C
SYN-0001,2025-05-17 11:56,WT,53.8,kg
SYN-0002,2025-03-06 16:37,HR,94,bpm
SYN-0002,2025-03-06 16:37,SBP,103,mmHg
SYN-0002,2025-03-06 16:37,DBP,66,mmHg
SYN-0002,2025-03-06 16:37,TEMP,37.3,C
SYN-0002,2025-03-06 16:37,WT,55.9,kg
SYN-0002,2026-04-22 16:59,HR,84,bpm
SYN-0002,2026-04-22 16:59,SBP,159,mmHg
SYN-0002,2026-04-22 16:59,DBP,83,mmHg
SYN-0002,2026-04-22 16:59,TEMP,36.9,C
SYN-0002,2026-04-22 16:59,WT,56.7,kg
SYN-0002,2025-09-07 08:23,HR,74,bpm
SYN-0002,2025-09-07 08:23,SBP,136,mmHg
SYN-0002,2025-09-07 08:23,DBP,93,mmHg
SYN-0002,2025-09-07 08:23,TEMP,37.3,C
SYN-0002,2025-09-07 08:23,WT,55.4,kg
SYN-0002,2025-09-07 08:23,GLU,88,mg/dL
SYN-0002,2025-09-07 08:23,HGB,10.7,g/dL
SYN-0003,2026-03-08 07:40,HR,59,bpm
SYN-0003,2026-03-08 07:40,SBP,142,mmHg
SYN-0003,2026-03-08 07:40,DBP,95,mmHg
SYN-0003,2026-03-08 07:40,TEMP,37.5,C
SYN-0003,2026-03-08 07:40,WT,107.1,kg
SYN-0003,2026-03-08 07:40,GLU,197,mg/dL
SYN-0003,2026-03-08 07:40,HGB,13.5,g/dL
SYN-0003,2026-04-13 08:10,HR,60,bpm
SYN-0003,2026-04-13 08:10,SBP,153,mmHg
SYN-0003,2026-04-13 08:10,DBP,77,mmHg
SYN-0003,2026-04-13 08:10,TEMP,37.3,C
SYN-0003,2026-04-13 08:10,WT,106.5,kg
SYN-0003,2026-04-13 08:10,GLU,184,mg/dL
SYN-0003,2026-04-13 08:10,HGB,11.7,g/dL
SYN-0003,2026-01-31 18:24,HR,56,bpm
SYN-0003,2026-01-31 18:24,SBP,122,mmHg
SYN-0003,2026-01-31 18:24,DBP,89,mmHg
SYN-0003,2026-01-31 18:24,TEMP,37.0,C
SYN-0003,2026-01-31 18:24,WT,106.3,kg
SYN-0003,2026-01-31 18:24,GLU,143,mg/dL
SYN-0003,2026-01-31 18:24,HGB,10.8,g/dL
SYN-0001,2025-06-01 10:00,HR,abc,bpm
SYN-0002,2025-06-01 10:00,TEMP,45.0,C
SYN-0003,2025-06-01 10:00,XYZ,1,x
SYN-9999,2025-06-01 10:00,HR,80,bpm
SYN-0004,2025-06-01 10:00,SBP,120,mmHg
